Image number,Dengue fever risk,Probability,Date/Time,Latitude,Longitude
0001,High risk,0.9375,2023-04-24 01:07:40.281379,49.039631348160526,73.15883417655397
0002,High risk,0.87890625,2023-04-24 01:07:48.510927,49.21290054824712,73.89003303393594
0003,High risk,0.9140625,2023-04-24 01:07:58.913562,49.42461109763847,74.82187700136535
0004,High risk,0.9765625,2023-04-24 01:08:07.933178,49.60146539779822,75.63650243716393
0005,Low risk,0.66015625,2023-04-24 01:08:17.742358,49.786628958580884,76.52932306042771
0006,High risk,0.62890625,2023-04-24 01:08:27.777243,49.96821137530727,77.44990933686577
0007,High risk,0.99609375,2023-04-24 01:08:38.968376,50.16123079232866,78.48493219187885
0008,High risk,0.99609375,2023-04-24 01:08:48.579645,50.318912319289744,79.38066313648798
0009,High risk,0.99609375,2023-04-24 01:08:58.580918,50.47494779152218,80.31915836225264
0010,High risk,0.99609375,2023-04-24 01:09:08.641283,50.623531626178725,81.2695547553793
0011,High risk,0.98828125,2023-04-24 01:09:18.608699,50.76236475159958,82.21717684698548
0012,High risk,0.99609375,2023-04-24 01:09:28.604055,50.893122916715434,83.17317515280288
0013,High risk,0.99609375,2023-04-24 01:09:38.950979,51.01946098611119,84.1685195911111
0014,High risk,0.99609375,2023-04-24 01:09:48.924237,51.132462965685605,85.13305514422309
0015,High risk,0.99609375,2023-04-24 01:09:58.960007,51.23740493392744,86.10841322901123
0016,High risk,0.97265625,2023-04-24 01:10:08.594695,51.329813597366744,87.04901340016062
0017,High risk,0.99609375,2023-04-24 01:10:18.730305,51.41813587838186,88.04255398162147
0018,High risk,0.83984375,2023-04-24 01:10:28.663390,51.49579246296827,89.01993805212204
0019,High risk,0.91796875,2023-04-24 01:10:38.671715,51.565069937696535,90.00804435145281
0020,High risk,0.80078125,2023-04-24 01:10:48.587135,51.624776680952586,90.98983612120264
0021,High risk,0.74609375,2023-04-24 01:10:58.738737,51.676659843433065,91.99762904716091
0022,Low risk,0.98828125,2023-04-24 01:11:08.673852,51.718338932540235,92.9860296896828
0023,Low risk,0.7265625,2023-04-24 01:11:18.627619,51.751043662484946,93.9780329815049
0024,Low risk,0.875,2023-04-24 01:11:28.688096,51.77486463656054,94.98195042263025
0025,Low risk,0.9921875,2023-04-24 01:11:38.632005,51.78927072553217,95.97513017347296
0026,Low risk,0.97265625,2023-04-24 01:11:48.623034,51.79458359515519,96.97346872121825
0027,High risk,0.6171875,2023-04-24 01:11:58.639188,51.7906882307172,97.97434270227878
0028,High risk,0.97265625,2023-04-24 01:12:08.649685,51.77757172102312,98.97431270453755
0029,High risk,0.9921875,2023-04-24 01:12:18.681926,51.75518646339479,99.97560258175628
0030,High risk,0.84765625,2023-04-24 01:12:28.716154,51.72355830379606,100.97589212770626
0031,Low risk,0.7578125,2023-04-24 01:12:38.648182,51.683178411226926,101.96432785106748
0032,Low risk,0.93359375,2023-04-24 01:12:48.752689,51.63285841147704,102.96791466089856
0033,Low risk,0.69140625,2023-04-24 01:12:58.716878,51.574152072607546,103.95507414355824
0034,Low risk,0.81640625,2023-04-24 01:13:09.021890,51.50399148579364,104.97300213074415
0035,No risk,0.71484375,2023-04-24 01:13:19.031174,51.42669610281143,105.95843011264188
0036,Low risk,0.9921875,2023-04-24 01:13:29.058669,51.34027781444001,106.94198495117458
0037,Low risk,0.703125,2023-04-24 01:13:39.107151,51.2447226415115,107.92352789858458
0038,Low risk,0.98046875,2023-04-24 01:13:49.112831,51.140723954522244,108.89656264760005
0039,No risk,0.8828125,2023-04-24 01:13:59.024230,51.02907999719572,109.85571796323096
0040,No risk,0.9921875,2023-04-24 01:14:09.142148,50.90632225055219,110.82977469484779
0041,No risk,0.79296875,2023-04-24 01:14:19.006230,50.77818244757502,111.77408916059723
0042,Low risk,0.5,2023-04-24 01:14:29.063352,50.63901794545947,112.73119780108085
0043,No risk,0.8046875,2023-04-24 01:14:39.058782,50.49227928017774,113.67643689930037
0044,No risk,0.7578125,2023-04-24 01:14:48.780946,50.34157846979484,114.58985206943066
0045,Low risk,0.609375,2023-04-24 01:14:59.033238,50.174242317557336,115.54641333301062
0046,No risk,0.81640625,2023-04-24 01:15:08.883423,50.00543735792728,116.45873122431398
0047,Low risk,0.48046875,2023-04-24 01:15:19.064416,49.822788713584764,117.39457866112477
0048,Low risk,0.58984375,2023-04-24 01:15:28.770143,49.64104000408026,118.2797659526354
0049,Low risk,0.828125,2023-04-24 01:15:39.096479,49.439608907702,119.21388642993996
0050,Low risk,0.953125,2023-04-24 01:15:49.099512,49.236673937190524,120.11103888980628
0051,Low risk,0.71875,2023-04-24 01:15:59.133410,49.02551425760538,121.00312699674299
0052,Low risk,0.96875,2023-04-24 01:16:09.107425,48.808185603727615,121.88198041814009
0053,Low risk,0.93359375,2023-04-24 01:16:19.107964,48.58295807400756,122.75512548994794
0054,No risk,0.5625,2023-04-24 01:16:29.130034,48.3500252722375,123.62189337422318
0055,Low risk,0.5390625,2023-04-24 01:16:39.099680,48.11124628841884,124.47587029935809
0056,Low risk,0.70703125,2023-04-24 01:16:48.810301,47.87203150269171,125.29958744677762
0057,Low risk,0.66015625,2023-04-24 01:16:59.149871,47.61021415006262,126.16793023762493
0058,Low risk,0.5859375,2023-04-24 01:17:08.805453,47.35924835934839,126.97052494004659
0059,Low risk,0.91015625,2023-04-24 01:17:18.858795,47.091417028840944,127.79764393734891
0060,Low risk,0.87109375,2023-04-24 01:17:28.958100,46.815775823131894,128.61974911685982
0061,Low risk,0.8046875,2023-04-24 01:17:38.970377,46.53612432073604,129.4260229675488
0062,Low risk,0.984375,2023-04-24 01:17:49.169079,46.24487511425441,130.23828760886755
0063,Low risk,0.71875,2023-04-24 01:17:59.170058,45.95309427744673,131.02606484340976
0064,Low risk,0.9609375,2023-04-24 01:18:08.878468,45.664156946784146,131.78240398181845
0065,Low risk,0.9453125,2023-04-24 01:18:19.200107,45.35091702274301,132.577535714766
0066,Low risk,0.96875,2023-04-24 01:18:28.949960,45.0494275884475,133.3201151615771
0067,Low risk,0.97265625,2023-04-24 01:18:38.975176,44.73387327590817,134.075067683924
0068,Low risk,0.90234375,2023-04-24 01:18:49.172200,44.40725487034935,134.8340680835561
0069,High risk,0.6484375,2023-04-24 01:18:59.058656,44.085264609650594,135.56141621951178
0070,No risk,0.7734375,2023-04-24 01:19:08.551222,43.77126425294934,136.25196165910296
0071,High risk,0.5234375,2023-04-24 01:19:17.819089,43.460230284037536,136.91879032672608
0072,No risk,0.80859375,2023-04-24 01:19:27.269842,43.138608904121,137.59133357871409
0073,Low risk,0.99609375,2023-04-24 01:19:37.355698,42.79052948126264,138.30083863517652
0074,Low risk,0.9375,2023-04-24 01:19:48.435495,42.40248524858242,139.07061469127814
0075,Low risk,0.95703125,2023-04-24 01:19:57.690279,42.07394074997499,139.70588606981798
0076,Low risk,0.66015625,2023-04-24 01:20:07.036623,41.73816527141412,140.34038064507877
0077,Low risk,0.9375,2023-04-24 01:20:17.634656,41.35266095303204,141.05141322534678
0078,Low risk,0.85546875,2023-04-24 01:20:27.565119,40.986972973531905,141.70958235901605
0079,High risk,0.65625,2023-04-24 01:20:37.968995,40.599334279768584,142.39084474304866
0080,Low risk,0.69921875,2023-04-24 01:20:48.046779,40.219522460589474,143.04281472647557
0081,Low risk,0.91796875,2023-04-24 01:20:57.909940,39.843795188435074,143.67340935769036
0082,Low risk,0.921875,2023-04-24 01:21:07.637465,39.469441573229616,144.28818359709717
0083,Low risk,0.8046875,2023-04-24 01:21:17.540774,39.08454905615114,144.9068712533991
0084,High risk,0.99609375,2023-04-24 01:21:27.732026,38.684579219415674,145.53608990907955
0085,High risk,0.99609375,2023-04-24 01:21:38.299121,38.265810049567484,146.18063410789233
0086,High risk,0.99609375,2023-04-24 01:21:48.449743,37.85973350249221,146.7923866815409
0087,High risk,0.99609375,2023-04-24 01:21:58.936259,37.43641919160508,147.41687244244187
0088,High risk,0.99609375,2023-04-24 01:22:08.933319,37.02935948452108,148.00522208679016
0089,High risk,0.99609375,2023-04-24 01:22:19.261246,36.60532024487821,148.6060160079176
0090,High risk,0.98046875,2023-04-24 01:22:29.001486,36.202228159471595,149.16618900674257
0091,High risk,0.61328125,2023-04-24 01:22:39.019137,35.78451206337326,149.7359206045705
0092,No risk,0.640625,2023-04-24 01:22:49.351394,35.350421669740946,150.31687440651362
0093,No risk,0.99609375,2023-04-24 01:22:59.324528,34.92835118600387,150.87134663777053
0094,No risk,0.98046875,2023-04-24 01:23:09.337396,34.50167775473558,151.42188802737613
0095,No risk,0.87109375,2023-04-24 01:23:19.340395,34.07252932109113,151.9659215527696
0096,No risk,0.61328125,2023-04-24 01:23:29.371255,33.63939563596952,152.50554573224372
0097,Low risk,0.5,2023-04-24 01:23:39.359430,33.2053763499885,153.03712503144175
0098,High risk,0.99609375,2023-04-24 01:23:49.362365,32.768065412954215,153.56384540197257
0099,Low risk,0.66015625,2023-04-24 01:24:09.368604,31.885723759288435,154.6008399497555
0100,No risk,0.63671875,2023-04-24 01:24:19.165809,31.450016679170506,155.10087475848073
0101,High risk,0.95703125,2023-04-24 01:24:29.127118,31.004664555879277,155.60417277099148
0102,High risk,0.99609375,2023-04-24 01:24:38.954375,30.5630409615038,156.09576014444943
0103,High risk,0.99609375,2023-04-24 01:24:49.242996,30.098330000094602,156.6052942383154
0104,High risk,0.9296875,2023-04-24 01:24:59.205459,29.646127592915853,157.09377130388305
0105,High risk,0.98828125,2023-04-24 01:25:09.124416,29.19377883381758,157.57543562740568
0106,High risk,0.99609375,2023-04-24 01:25:18.757981,28.752471645248782,158.03887172203525
0107,High risk,0.99609375,2023-04-24 01:25:29.014329,28.28055691704118,158.52764053519627
0108,High risk,0.96875,2023-04-24 01:25:38.646334,27.835474763587907,158.98240487068944
0109,High risk,0.99609375,2023-04-24 01:25:49.411693,27.335894494372035,159.48593886800398
0110,No risk,0.5703125,2023-04-24 01:25:59.448921,26.868160682580346,159.95099303915055
0111,High risk,0.83984375,2023-04-24 01:26:09.446162,26.400438491631014,160.41009668370003
0112,High risk,0.5703125,2023-04-24 01:26:19.440148,25.931107126870458,160.8650285350547
0113,High risk,0.9921875,2023-04-24 01:26:29.314740,25.46569478850159,161.31067879334697
0114,High risk,0.98046875,2023-04-24 01:26:39.485955,24.984592167384854,161.7658231074715
0115,High risk,0.9296875,2023-04-24 01:26:49.452111,24.51154955349321,162.20806031828621
0116,High risk,0.95703125,2023-04-24 01:26:59.338869,24.040737395702344,162.64320090188028
0117,High risk,0.9765625,2023-04-24 01:27:09.323369,23.563720722342197,163.07916117306914
0118,No risk,0.65234375,2023-04-24 01:27:19.486678,23.076648960994454,163.51939226667633
0119,High risk,0.921875,2023-04-24 01:27:29.169484,22.611208496792695,163.9355962936013
0120,High risk,0.98046875,2023-04-24 01:27:39.541508,22.111187073629907,164.37802801785008
0121,High risk,0.9375,2023-04-24 01:27:49.519343,21.628759860980665,164.800450827464
0122,High risk,0.99609375,2023-04-24 01:27:59.504671,21.14465270935274,165.2201226594768
0123,High risk,0.99609375,2023-04-24 01:28:09.104672,20.678034760488423,165.6207754046086
0124,High risk,0.99609375,2023-04-24 01:28:19.307300,20.18086567998286,166.0436464609501
0125,High risk,0.99609375,2023-04-24 01:28:29.209722,19.697134111047436,166.4512597103733
0126,High risk,0.99609375,2023-04-24 01:28:39.122240,19.21174370323498,166.85661738600214
0127,High risk,0.99609375,2023-04-24 01:28:49.026587,18.725664283944027,167.25901992693332
0128,High risk,0.87109375,2023-04-24 01:28:59.023671,18.233925166725705,167.6626485867461
0129,High risk,0.99609375,2023-04-24 01:29:09.523911,17.71630606658782,168.08390718098042
0130,High risk,0.99609375,2023-04-24 01:29:19.598363,17.218632901331414,168.4855768028188
0131,High risk,0.99609375,2023-04-24 01:29:29.582503,16.72442126055722,168.88132653472712
0132,High risk,0.99609375,2023-04-24 01:29:38.963367,16.259215937254417,169.25111342045014
0133,High risk,0.99609375,2023-04-24 01:29:49.251144,15.74811467662866,169.65444580279907
0134,High risk,0.99609375,2023-04-24 01:29:59.385153,15.243718568709525,170.04959449696995
0135,High risk,0.99609375,2023-04-24 01:30:09.497962,14.739523870936754,170.44183499130818
0136,High risk,0.99609375,2023-04-24 01:30:19.977409,14.216158614277154,170.84620628301482
0137,High risk,0.99609375,2023-04-24 01:30:29.569763,13.73635242218134,171.21453921961123
0138,High risk,0.99609375,2023-04-24 01:30:39.238479,13.252031303577965,171.58412699553224
0139,High risk,0.99609375,2023-04-24 01:30:49.299217,12.747346325441434,171.96699471006903
0140,High risk,0.99609375,2023-04-24 01:30:58.992234,12.260443264612293,172.3342852417623
0141,High risk,0.99609375,2023-04-24 01:31:09.002071,11.75698012530455,172.71201285599292
0142,High risk,0.99609375,2023-04-24 01:31:19.049307,11.251003355898098,173.08962260268223
0143,High risk,0.99609375,2023-04-24 01:31:28.943238,10.752146185851513,173.4600504609425
0144,High risk,0.99609375,2023-04-24 01:31:38.560383,10.266710845897231,173.81882126081376
0145,High risk,0.9921875,2023-04-24 01:31:48.480166,9.765466522362848,174.18761764155008
0146,High risk,0.99609375,2023-04-24 01:31:59.073638,9.229629640956505,174.58010602802187
0147,High risk,0.99609375,2023-04-24 01:32:09.474999,8.70298815547713,174.96419209932708
0148,High risk,0.99609375,2023-04-24 01:32:19.566970,8.191534190660303,175.33571874514044
0149,High risk,0.98046875,2023-04-24 01:32:29.339163,7.695881220986974,175.69446204244213
0150,High risk,0.99609375,2023-04-24 01:32:39.335876,7.188427811408454,176.06050341186275
0151,High risk,0.99609375,2023-04-24 01:32:49.381989,6.678099684383626,176.42743893609807
0152,High risk,0.99609375,2023-04-24 01:32:59.708087,6.1531924867463905,176.80371646518216
0153,High risk,0.97265625,2023-04-24 01:33:09.386611,5.660886257905922,177.15565709938542
0154,High risk,0.99609375,2023-04-24 01:33:19.455720,5.148439902347801,177.52108691077225
0155,High risk,0.96484375,2023-04-24 01:33:29.345799,4.644835924244592,177.87939119339205
0156,High risk,0.984375,2023-04-24 01:33:39.717296,4.116479249402829,178.25452253261628
0157,High risk,0.99609375,2023-04-24 01:33:49.567455,3.614468731379499,178.61028825586453
0158,High risk,0.99609375,2023-04-24 01:33:59.355479,3.1154443103613145,178.96338053083727
0159,High risk,0.99609375,2023-04-24 01:34:08.480423,2.6500979767506476,179.29221127218358
0160,No risk,0.66015625,2023-04-24 01:34:18.190846,2.1547782312275396,179.64183607956213
0161,No risk,0.859375,2023-04-24 01:34:27.993378,1.6546555926137356,179.9945218751524
0162,High risk,0.99609375,2023-04-24 01:34:37.991224,1.1444769728449482,-179.64596200497314
0163,High risk,0.81640625,2023-04-24 01:34:47.890110,0.6393029180443877,-179.29015286132633
0164,High risk,0.99609375,2023-04-24 01:34:57.785543,0.13428704634290875,-178.93455528106915
0165,High risk,0.99609375,2023-04-24 01:35:08.307944,-0.40274548905022384,-178.5564353103333
0166,High risk,0.98828125,2023-04-24 01:35:19.465630,-0.9721606742026747,-178.15543573313033
0167,High risk,0.96484375,2023-04-24 01:35:29.767465,-1.4978330167092375,-177.78507289789405
0168,High risk,0.99609375,2023-04-24 01:35:39.443837,-1.9915164233755855,-177.43701901303822
0169,High risk,0.91796875,2023-04-24 01:35:49.456025,-2.5022320014724633,-177.07664342651637
0170,High risk,0.99609375,2023-04-24 01:35:59.469117,-3.0128557878899143,-176.7159322802715
0171,High risk,0.99609375,2023-04-24 01:36:09.328085,-3.515467538507272,-176.3604097664378
0172,High risk,0.99609375,2023-04-24 01:36:18.683898,-3.992252877075039,-176.0226511916279
0173,High risk,0.99609375,2023-04-24 01:36:28.706389,-4.502810047637738,-175.66034529351205
0174,High risk,0.99609375,2023-04-24 01:36:38.519891,-5.002496899536689,-175.30505018564708
0175,High risk,0.99609375,2023-04-24 01:36:48.291745,-5.499804689884972,-174.95067665755096
0176,High risk,0.99609375,2023-04-24 01:36:58.098856,-5.998639574660977,-174.59436349305398
0177,High risk,0.99609375,2023-04-24 01:37:08.167931,-6.510473670667647,-174.22779420362934
0178,High risk,0.99609375,2023-04-24 01:37:18.354853,-7.027941629748595,-173.85610113683285
0179,High risk,0.9921875,2023-04-24 01:37:28.411196,-7.538407096169222,-173.48827558820523
0180,High risk,0.99609375,2023-04-24 01:37:38.208057,-8.035296677545334,-173.1290378911511
0181,High risk,0.99609375,2023-04-24 01:37:47.857115,-8.524301018464698,-172.7742683228308
0182,High risk,0.99609375,2023-04-24 01:37:57.713934,-9.023393996496992,-172.41083394095412
0183,High risk,0.99609375,2023-04-24 01:38:07.459631,-9.516400596341985,-172.0504120371642
0184,High risk,0.99609375,2023-04-24 01:38:17.736606,-10.035764985799895,-171.6690999622208
0185,High risk,0.99609375,2023-04-24 01:38:27.629412,-10.535166345666592,-171.30078285179349
0186,High risk,0.98828125,2023-04-24 01:38:37.839893,-11.050031177872787,-170.91925660852118
0187,High risk,0.94921875,2023-04-24 01:38:47.613018,-11.542255041697114,-170.55270075705425
0188,High risk,0.99609375,2023-04-24 01:38:57.850282,-12.057222522367475,-170.1672156770631
0189,High risk,0.99609375,2023-04-24 01:39:07.722701,-12.553171091478282,-169.79394282792
0190,Low risk,0.9296875,2023-04-24 01:39:17.443596,-13.040859269039315,-169.42485360440796
0191,High risk,0.99609375,2023-04-24 01:39:27.605532,-13.549953597400469,-169.03730895191939
0192,High risk,0.515625,2023-04-24 01:39:37.333573,-14.036579249341624,-168.66461450811735
0193,High risk,0.99609375,2023-04-24 01:39:47.448295,-14.541772896565712,-168.27526055895981
0194,No risk,0.35546875,2023-04-24 01:39:57.704036,-15.053161276174526,-167.87848700188962
0195,High risk,0.99609375,2023-04-24 01:40:08.379401,-15.584519736360427,-167.46327022329962
0196,High risk,0.99609375,2023-04-24 01:40:18.256523,-16.07526900994666,-167.07699745425538
0197,High risk,0.99609375,2023-04-24 01:40:28.696304,-16.592995478310595,-166.66645931913618
0198,High risk,0.99609375,2023-04-24 01:40:38.925075,-17.09925712520717,-166.26187354983782
0199,High risk,0.99609375,2023-04-24 01:40:48.825473,-17.58828443798795,-165.86798935686775
0200,High risk,0.99609375,2023-04-24 01:40:58.363780,-18.05849742618123,-165.48629764331685
0201,High risk,0.99609375,2023-04-24 01:41:07.960784,-18.530625591785086,-165.10001603253824
0202,High risk,0.99609375,2023-04-24 01:41:17.904351,-19.018737683084048,-164.69733533225755
0203,High risk,0.984375,2023-04-24 01:41:28.156522,-19.520862844606757,-164.27943201874598
0204,High risk,0.99609375,2023-04-24 01:41:38.475206,-20.02500117601701,-163.85596763174848
0205,High risk,0.99609375,2023-04-24 01:41:49.123063,-20.54388421785342,-163.41588736480804
0206,High risk,0.99609375,2023-04-24 01:41:59.333999,-21.040159491408648,-162.99080479541269
0207,High risk,0.99609375,2023-04-24 01:42:08.642829,-21.491422212958348,-162.60059581696135
0208,High risk,0.99609375,2023-04-24 01:42:18.577291,-21.971762358503987,-162.18124589615778
0209,High risk,0.99609375,2023-04-24 01:42:28.438661,-22.44722926877971,-161.76194083053082
0210,High risk,0.99609375,2023-04-24 01:42:38.347761,-22.923621357769793,-161.33746182191481
0211,High risk,0.43359375,2023-04-24 01:42:47.891532,-23.38114288819224,-160.92553887102582
0212,Low risk,0.390625,2023-04-24 01:42:57.762925,-23.85292784771614,-160.49624373699277
0213,High risk,0.99609375,2023-04-24 01:43:08.176677,-24.34903261637945,-160.03967156978845
0214,Low risk,0.6484375,2023-04-24 01:43:18.426304,-24.835642714366617,-159.58651464688728
0215,Low risk,0.546875,2023-04-24 01:43:29.184545,-25.344574016391636,-159.1067088379168
0216,High risk,0.73046875,2023-04-24 01:43:39.617904,-25.836297398741586,-158.6372081634659
0217,Low risk,0.5,2023-04-24 01:43:49.304562,-26.291147282518942,-158.19753516393342
0218,High risk,0.94140625,2023-04-24 01:43:58.935679,-26.741758326409634,-157.75667089638756
0219,High risk,0.99609375,2023-04-24 01:44:08.474332,-27.1863705445902,-157.3163287107002
0220,High risk,0.95703125,2023-04-24 01:44:18.494436,-27.651612652026934,-156.84965828459403
0221,High risk,0.99609375,2023-04-24 01:44:28.680542,-28.122582291741534,-156.3708688194635
0222,High risk,0.98828125,2023-04-24 01:44:38.658402,-28.58194160250782,-155.89746705145674
0223,High risk,0.99609375,2023-04-24 01:44:48.858422,-29.04944326427954,-155.4089163396363
0224,High risk,0.99609375,2023-04-24 01:44:58.957876,-29.510230306228188,-154.9204517862311
0225,High risk,0.99609375,2023-04-24 01:45:09.351752,-29.982161990217424,-154.41275756616633
0226,High risk,0.99609375,2023-04-24 01:45:19.424517,-30.437248394347716,-153.91579511615467
0227,High risk,0.99609375,2023-04-24 01:45:29.720348,-30.90005375015239,-153.4026620539472
0228,High risk,0.99609375,2023-04-24 01:45:39.741624,-31.348156791912096,-152.89809343712741
0229,High risk,0.99609375,2023-04-24 01:45:50.100844,-31.808860283241444,-152.37107706474072
0230,High risk,0.96484375,2023-04-24 01:46:00.244732,-32.25743728399495,-151.84955724514435
0231,High risk,0.99609375,2023-04-24 01:46:10.278946,-32.69864542589102,-151.32821075570092
0232,High risk,0.99609375,2023-04-24 01:46:20.236401,-33.133903655347446,-150.80540332635178
0233,High risk,0.99609375,2023-04-24 01:46:30.250786,-33.56900533381307,-150.27400679518638
0234,High risk,0.99609375,2023-04-24 01:46:40.232826,-33.99999995922193,-149.738614843777
0235,High risk,0.99609375,2023-04-24 01:46:50.286583,-34.4312902482866,-149.19349941846534
0236,High risk,0.99609375,2023-04-24 01:47:00.267621,-34.85659103479521,-148.6463991454637
0237,High risk,0.99609375,2023-04-24 01:47:10.234704,-35.27841120754024,-148.09400149762797
0238,High risk,0.99609375,2023-04-24 01:47:19.966658,-35.68739771860851,-147.54871599521167
0239,High risk,0.99609375,2023-04-24 01:47:30.008153,-36.10632204485888,-146.97985450521108
0240,High risk,0.99609375,2023-04-24 01:47:40.052390,-36.52219645981004,-146.40434113850378
0241,High risk,0.99609375,2023-04-24 01:47:49.910030,-36.92715995828201,-145.83312798417427
0242,High risk,0.99609375,2023-04-24 01:48:00.041283,-37.34000649926079,-145.23932585685847
0243,High risk,0.99609375,2023-04-24 01:48:10.010177,-37.742823746684614,-144.64827179118163
0244,High risk,0.99609375,2023-04-24 01:48:19.968798,-38.141765343619824,-144.05100263701874
0245,High risk,0.99609375,2023-04-24 01:48:30.429081,-38.556989937343566,-143.41616980947887
0246,High risk,0.99609375,2023-04-24 01:48:39.979722,-38.93261028798978,-142.8297421002776
0247,High risk,0.99609375,2023-04-24 01:48:50.293942,-39.3344007941404,-142.18905270680054
0248,High risk,0.99609375,2023-04-24 01:49:00.275731,-39.71935748184405,-141.5615651449203
0249,High risk,0.99609375,2023-04-24 01:49:10.203667,-40.09833360464566,-140.93012082810193
0250,High risk,0.99609375,2023-04-24 01:49:19.884781,-40.464059983982104,-140.3072052159105
0251,High risk,0.99609375,2023-04-24 01:49:30.256456,-40.851564779937426,-139.6319166454896
0252,High risk,0.99609375,2023-04-24 01:49:40.321909,-41.2232686887703,-138.9685996886572
0253,High risk,0.99609375,2023-04-24 01:49:50.401522,-41.59110601826295,-138.29634998883347
0254,High risk,0.99609375,2023-04-24 01:50:00.352615,-41.949822569735446,-137.6247570310446
0255,High risk,0.99609375,2023-04-24 01:50:09.982053,-42.292653475519344,-136.96730407970907
0256,High risk,0.99609375,2023-04-24 01:50:20.036896,-42.646021553190984,-136.2727774253134
0257,High risk,0.98828125,2023-04-24 01:50:29.954355,-42.98984648728333,-135.57961940256038
0258,High risk,0.9765625,2023-04-24 01:50:40.123717,-43.33744940750261,-134.86035850303074
0259,High risk,0.69921875,2023-04-24 01:50:49.670066,-43.659060384912564,-134.1773216463933
0260,High risk,0.94921875,2023-04-24 01:51:00.378882,-44.01431106699239,-133.40197301601563
0261,High risk,0.99609375,2023-04-24 01:51:10.314841,-44.338580479506085,-132.6738805928559
0262,High risk,0.99609375,2023-04-24 01:51:19.737661,-44.641249090940605,-131.97559612616666
0263,High risk,0.99609375,2023-04-24 01:51:29.534386,-44.95080158325224,-131.24153551116572
0264,High risk,0.99609375,2023-04-24 01:51:39.203331,-45.251093647195546,-130.50892921023447
0265,High risk,0.99609375,2023-04-24 01:51:48.680561,-45.540292029803766,-129.78299134012425
0266,Low risk,0.921875,2023-04-24 01:51:58.088704,-45.82223540691648,-129.0546634623346
0267,High risk,0.99609375,2023-04-24 01:52:07.522867,-46.09972131108826,-128.31658824534534
0268,Low risk,0.92578125,2023-04-24 01:52:26.494393,-46.64142441517803,-126.80893994887671
0269,Low risk,0.99609375,2023-04-24 01:52:36.067166,-46.9062782755293,-126.03634705186558
0270,Low risk,0.98828125,2023-04-24 02:37:49.723904,44.74146972621913,36.45612875879799
0271,High risk,0.890625,2023-04-24 02:38:01.277170,45.10421448561403,37.32648301402656
0272,High risk,0.6171875,2023-04-24 02:38:12.176376,45.43956506552928,38.158187421898084
0273,High risk,0.66015625,2023-04-24 02:38:22.806657,45.76006766321296,38.97932322016228
0274,High risk,0.8984375,2023-04-24 02:38:34.505551,46.105103183248204,39.89437189603698
0275,Low risk,0.66015625,2023-04-24 02:38:43.203870,46.35632077846645,40.58248151929792
0276,Low risk,0.80859375,2023-04-24 02:38:53.195230,46.639155644169584,41.38101699990094
0277,Low risk,0.64453125,2023-04-24 02:39:02.840794,46.90628817593185,42.16017407912281
0278,High risk,0.98046875,2023-04-24 02:39:13.160752,47.18552456108484,43.00272902219958
0279,No risk,0.546875,2023-04-24 02:39:22.925954,47.443390154722294,43.80850387128205
0280,No risk,0.77734375,2023-04-24 02:39:33.232321,47.70869367327517,44.667818521660344
0281,No risk,0.99609375,2023-04-24 02:39:43.209507,47.9586942476166,45.508318316772446
0282,Low risk,0.76171875,2023-04-24 02:39:52.854005,48.19386397810819,46.328822913908844
0283,Low risk,0.96484375,2023-04-24 02:40:02.881781,48.431479701391744,47.19018982289428
0284,Low risk,0.6171875,2023-04-24 02:40:13.090465,48.666033241865286,48.07564756766797
0285,Low risk,0.703125,2023-04-24 02:40:23.248902,48.89194350680356,48.96518491258482
0286,Low risk,0.79296875,2023-04-24 02:40:33.234830,49.10661806817069,49.84770503316628
0287,High risk,0.8359375,2023-04-24 02:40:43.284380,49.31513094270499,50.74378665922777
0288,High risk,0.61328125,2023-04-24 02:40:52.974468,49.50892214281016,51.61520881852031
0289,High risk,0.98828125,2023-04-24 02:41:03.302971,49.70750574403616,52.551830289199486
0290,High risk,0.96875,2023-04-24 02:41:13.246500,49.89079782256924,53.46093266759243
0291,High risk,0.94140625,2023-04-24 02:41:23.233450,50.06700574860526,54.3811822488573
0292,High risk,0.9765625,2023-04-24 02:41:33.260198,50.23584062568309,55.31201740962336
0293,High risk,0.68359375,2023-04-24 02:41:43.245432,50.395837385544596,56.24568163582546
0294,High risk,0.98046875,2023-04-24 02:41:53.289532,50.548480004211285,57.19131321740153
0295,High risk,0.99609375,2023-04-24 02:42:03.274475,50.69188110718496,58.13755106183233
0296,High risk,0.9921875,2023-04-24 02:42:13.279855,50.82713809574283,59.0916142889848
0297,High risk,0.98046875,2023-04-24 02:42:23.265339,50.953612430397676,60.049331643629316
0298,High risk,0.98828125,2023-04-24 02:42:33.330889,51.07241257558141,61.02006217420296
0299,High risk,0.921875,2023-04-24 02:42:43.330236,51.18171238763337,61.98937189057092
0300,High risk,0.9296875,2023-04-24 02:42:52.993487,51.27900895237029,62.93046363757438
0301,High risk,0.59375,2023-04-24 02:43:03.190452,51.37273217549861,63.92783355548815
0302,High risk,0.9296875,2023-04-24 02:43:13.358571,51.456976355148235,64.92641504997876
0303,High risk,0.84765625,2023-04-24 02:43:23.340065,51.53066788673699,65.9102371072817
0304,High risk,0.98828125,2023-04-24 02:43:33.402456,51.59586649830375,66.90515490171349
0305,Low risk,0.98828125,2023-04-24 02:43:43.012795,51.649573118435214,67.8579495492009
0306,Low risk,0.66015625,2023-04-24 02:43:53.324270,51.697856130546825,68.88271316462053
0307,Low risk,0.75390625,2023-04-24 02:44:03.046943,51.73448788022755,69.8508375487146
0308,No risk,0.71875,2023-04-24 02:44:13.033521,51.763099696831915,70.84673452399214
0309,No risk,0.9921875,2023-04-24 02:44:23.063066,51.782619974799246,71.84803043345501
0310,Low risk,0.99609375,2023-04-24 02:44:33.189435,51.792945347920224,72.8596826230805
0311,Low risk,0.99609375,2023-04-24 02:44:43.016617,51.79394362991021,73.84173454976919
0312,Low risk,0.9375,2023-04-24 02:44:53.395494,51.78534810502965,74.87869953200446
0313,Low risk,0.94921875,2023-04-24 02:45:03.115100,51.76831427061668,75.8492932350812
0314,Low risk,0.6171875,2023-04-24 02:45:13.395495,51.74085563959751,76.87482510698996
0315,High risk,0.63671875,2023-04-24 02:45:23.393684,51.70485947878078,77.87075406238189
0316,Low risk,0.68359375,2023-04-24 02:45:33.057949,51.661382139840896,78.83166595109194
0317,High risk,0.6171875,2023-04-24 02:45:43.073179,51.60734885004595,79.82529307347805
0318,High risk,0.9765625,2023-04-24 02:45:53.378753,51.5422550534361,80.84491999213667
0319,High risk,0.9921875,2023-04-24 02:46:03.144495,51.471724988886464,81.80818450134916
0320,Low risk,0.5859375,2023-04-24 02:46:13.243227,51.38979290183154,82.80081913299091
0321,High risk,0.5234375,2023-04-24 02:46:23.379928,51.298401877313125,83.79335816874774
0322,High risk,0.95703125,2023-04-24 02:46:33.080329,51.2024304751578,84.73911720431035
0323,High risk,0.98046875,2023-04-24 02:46:43.150030,51.09405976273638,85.71638572416396
0324,High risk,0.890625,2023-04-24 02:46:53.160498,50.9775679957661,86.68303333722385
0325,Low risk,0.66015625,2023-04-24 02:47:03.135300,50.85288681128199,87.64104882839229
0326,High risk,0.77734375,2023-04-24 02:47:13.142979,50.71924445499796,88.5967172056382
0327,High risk,0.5625,2023-04-24 02:47:23.064056,50.57839304790323,89.53836648455743
0328,Low risk,0.828125,2023-04-24 02:47:33.118506,50.4272391261179,90.48656903389816
0329,Low risk,0.703125,2023-04-24 02:47:43.442873,50.263321558380184,91.4535320724458
0330,Low risk,0.828125,2023-04-24 02:47:53.459714,50.09596170253451,92.3849268606953
0331,Low risk,0.6171875,2023-04-24 02:48:03.488237,49.92029754878518,93.3104938005883
0332,Low risk,0.80859375,2023-04-24 02:48:13.134177,49.743778468285065,94.19401712915146
0333,Low risk,0.7265625,2023-04-24 02:48:23.156020,49.55264395889434,95.10474884490141
0334,Low risk,0.87109375,2023-04-24 02:48:33.244150,49.352379309817096,96.01394814643352
0335,No risk,0.84375,2023-04-24 02:48:43.285582,49.145336325081516,96.91115502302155
0336,Low risk,0.8984375,2023-04-24 02:48:53.345490,48.930320306721185,97.80206919804722
0337,Low risk,0.95703125,2023-04-24 02:49:03.231567,48.711733228013024,98.66969689973031
0338,Low risk,0.80859375,2023-04-24 02:49:13.193984,48.48426639704859,99.53599172761074
0339,Low risk,0.90625,2023-04-24 02:49:23.238686,48.2477343180884,100.40115364103373
0340,Low risk,0.984375,2023-04-24 02:49:33.297394,48.0037620673998,101.25908727399413
0341,Low risk,0.9375,2023-04-24 02:49:43.514795,47.74878643308489,102.1218145859689
0342,Low risk,0.98828125,2023-04-24 02:49:53.638744,47.48916810604938,102.96785611211006
0343,Low risk,0.8671875,2023-04-24 02:50:03.242609,47.236581537767684,103.76230325427241
0344,Low risk,0.90234375,2023-04-24 02:50:13.257753,46.96675734979973,104.58229778195901
0345,Low risk,0.9296875,2023-04-24 02:50:23.220137,46.691978100947146,105.38933519604221
0346,Low risk,0.8671875,2023-04-24 02:50:33.642473,46.39784114107894,106.22437916389728
0347,Low risk,0.765625,2023-04-24 02:50:43.644019,46.10928459587814,107.01682075817428
0348,High risk,0.984375,2023-04-24 02:50:53.283538,45.82546799535285,107.7723009237771
0349,No risk,0.546875,2023-04-24 02:51:03.260690,45.525918019820125,108.54572735039457
0350,High risk,0.72265625,2023-04-24 02:51:13.885014,45.200602233003764,109.3597952703331
0351,High risk,0.7734375,2023-04-24 02:51:23.179661,44.91075722926448,110.06393497152746
0352,No risk,0.99609375,2023-04-24 02:51:33.556235,44.581509741234385,110.84121828878628
0353,No risk,0.98828125,2023-04-24 02:51:43.193781,44.270473268845805,111.55484227213803
0354,No risk,0.79296875,2023-04-24 02:51:53.220378,43.94164056904351,112.28884148353664
0355,High risk,0.515625,2023-04-24 02:52:03.281814,43.60641351531638,113.01679459178061
0356,High risk,0.8046875,2023-04-24 02:52:13.566462,43.25843694904703,113.7520571505025
0357,Low risk,0.57421875,2023-04-24 02:52:23.267759,42.92536958321519,114.43752344332506
0358,High risk,0.609375,2023-04-24 02:52:33.606948,42.56537714188246,115.1594545487387
0359,High risk,0.65625,2023-04-24 02:52:43.288511,42.22368719966957,115.82749305562614
0360,High risk,0.71875,2023-04-24 02:52:53.263275,41.867096528303506,116.50780159702305
0361,No risk,0.51953125,2023-04-24 02:53:03.418727,41.49942145066008,117.19219714080758
0362,Low risk,0.921875,2023-04-24 02:53:13.594545,41.126437881509425,117.86972863624393
0363,Low risk,0.99609375,2023-04-24 02:53:23.326956,40.7654959120813,118.510170934402
0364,High risk,0.98828125,2023-04-24 02:53:33.669919,40.377551841493464,119.18270222284183
0365,High risk,0.99609375,2023-04-24 02:53:43.377142,40.009440328189136,119.80645491228695
0366,High risk,0.99609375,2023-04-24 02:53:53.669040,39.615022805830115,120.46000513450264
0367,High risk,0.99609375,2023-04-24 02:54:03.710116,39.22619444344988,121.0900623540145
0368,High risk,0.99609375,2023-04-24 02:54:13.356253,38.84904385232079,121.68834555416983
0369,High risk,0.99609375,2023-04-24 02:54:23.674046,38.44177029647613,122.32087435089525
0370,High risk,0.98828125,2023-04-24 02:54:33.708120,38.041985520116555,122.92873625031243
0371,No risk,0.6953125,2023-04-24 02:54:43.692452,37.64061396240523,123.52662222228822
0372,High risk,0.81640625,2023-04-24 02:54:53.671320,37.23600861252663,124.11733094740949
0373,High risk,0.99609375,2023-04-24 02:55:03.547647,36.83224990843607,124.69533272348484
0374,High risk,0.99609375,2023-04-24 02:55:13.381784,36.42701552509085,125.26442842303021
0375,No risk,0.890625,2023-04-24 02:55:23.379837,36.01183122676623,125.83654279399603
0376,High risk,0.82421875,2023-04-24 02:55:33.693526,35.580250300491464,126.42000646663867
0377,Low risk,0.87890625,2023-04-24 02:55:43.675394,35.15944934542188,126.97833344592459
0378,Low risk,0.99609375,2023-04-24 02:55:53.669555,34.73516485852713,127.53117110762541
0379,Low risk,0.99609375,2023-04-24 02:56:03.735436,34.30489311213739,128.0818726246994
0380,No risk,0.99609375,2023-04-24 02:56:13.717726,33.875355019474696,128.6220645618625
0381,Low risk,0.9140625,2023-04-24 02:56:23.737233,33.44145829676382,129.15842543307588
0382,High risk,0.99609375,2023-04-24 02:56:33.761861,33.00463389967326,129.6893321197279
0383,High risk,0.80859375,2023-04-24 02:56:43.721955,32.5680074301327,130.21126385362243
0384,High risk,0.7578125,2023-04-24 02:56:53.734683,32.12651392092924,130.73048570320296
0385,No risk,0.72265625,2023-04-24 02:57:03.753472,31.68225458438699,131.24464381409553
0386,No risk,0.59375,2023-04-24 02:57:13.718790,31.23796676788152,131.7508160560937
0387,Low risk,0.9765625,2023-04-24 02:57:33.758481,30.337471993201135,132.75339537435593
0388,High risk,0.99609375,2023-04-24 02:57:43.413193,29.900397994276275,133.2293135494416
0389,Low risk,0.890625,2023-04-24 02:57:53.792050,29.42825531079381,133.7359523790631
0390,High risk,0.96875,2023-04-24 02:58:03.718794,28.974555566790144,134.21577053537396
0391,High risk,0.95703125,2023-04-24 02:58:13.451192,28.52775013897169,134.68181547428998
0392,High risk,0.99609375,2023-04-24 02:58:23.360370,28.070880925894834,135.15194993298078
0393,High risk,0.96484375,2023-04-24 02:58:33.467838,27.60288355973722,135.6270645072873
0394,High risk,0.99609375,2023-04-24 02:58:43.387591,27.14167837372666,136.08911204391006
0395,High risk,0.99609375,2023-04-24 02:58:53.402562,26.674218778621434,136.55140356852948
0396,High risk,0.99609375,2023-04-24 02:59:03.507914,26.20067757043472,137.01375469691317
0397,High risk,0.99609375,2023-04-24 02:59:13.783601,25.717347429250804,137.47971148803668
0398,High risk,0.99609375,2023-04-24 02:59:23.534367,25.25702632030329,137.9181004601997
0399,High risk,0.99609375,2023-04-24 02:59:33.432292,24.78815376169039,138.35942749449995
0400,High risk,0.82421875,2023-04-24 02:59:43.439813,24.312491190412633,138.80196985835715
0401,High risk,0.828125,2023-04-24 02:59:53.213584,23.846422300262613,139.23071183185232
0402,Low risk,0.5625,2023-04-24 03:00:03.262778,23.365701125219687,139.66806013764227
0403,High risk,0.99609375,2023-04-24 03:00:12.987228,22.89910458969217,140.0879956385166
0404,High risk,0.99609375,2023-04-24 03:00:23.155131,22.409775530281447,140.52373736314362
0405,High risk,0.7578125,2023-04-24 03:00:32.769511,21.945773473308144,140.93268336510812
0406,High risk,0.87109375,2023-04-24 03:00:42.616079,21.469258256931518,141.348514853036
0407,Low risk,0.98828125,2023-04-24 03:00:52.395308,20.994747775602534,141.75857454552323
0408,High risk,0.99609375,2023-04-24 03:01:02.224546,20.51658630020451,142.16787591956432
0409,High risk,0.99609375,2023-04-24 03:01:12.422973,20.01921910707801,142.5896022626429
0410,High risk,0.984375,2023-04-24 03:01:22.504265,19.526327545470565,143.00364569027175
0411,High risk,0.99609375,2023-04-24 03:01:32.372445,19.04273380083884,143.4062588368709
0412,High risk,0.99609375,2023-04-24 03:01:42.366506,18.55185735112295,143.81140664673273
0413,High risk,0.99609375,2023-04-24 03:01:52.743287,18.041042453200507,144.22938128655485
0414,High risk,0.94140625,2023-04-24 03:02:03.252731,17.522549965648277,144.65000232555445
0415,High risk,0.99609375,2023-04-24 03:02:13.527626,17.01455761229144,145.05869626655945
0416,High risk,0.99609375,2023-04-24 03:02:23.457364,16.52265130327549,145.45136255038454
0417,High risk,0.99609375,2023-04-24 03:02:33.509298,16.023771886138483,145.84661866867157
0418,High risk,0.99609375,2023-04-24 03:02:43.633541,15.520370079006256,146.24254284580078
0419,High risk,0.99609375,2023-04-24 03:02:53.408558,15.03346745937131,146.62281897397034
0420,High risk,0.99609375,2023-04-24 03:03:03.814247,14.514296211953534,147.025525446742
0421,High risk,0.99609375,2023-04-24 03:03:13.924748,14.009014093267513,147.4148295680439
0422,High risk,0.9921875,2023-04-24 03:03:23.573635,13.526080291489796,147.7845969826872
0423,High risk,0.99609375,2023-04-24 03:03:34.032977,13.001799941420053,148.1835718226063
0424,High risk,0.99609375,2023-04-24 03:03:43.680111,12.51753807417194,148.5499284869334
0425,High risk,0.99609375,2023-04-24 03:03:53.963953,12.000619152272654,148.93880568016425
0426,High risk,0.99609375,2023-04-24 03:04:03.622886,11.514497686943427,149.30255203757625
0427,High risk,0.99609375,2023-04-24 03:04:13.953533,10.993940826352613,149.69006110233897
0428,High risk,0.99609375,2023-04-24 03:04:23.865142,10.493905148867853,150.06044096851141
0429,High risk,0.99609375,2023-04-24 03:04:33.560097,10.004268133163192,150.42145105877245
0430,High risk,0.99609375,2023-04-24 03:04:43.394778,9.50706111162381,150.78644422150688
0431,High risk,0.99609375,2023-04-24 03:04:53.556617,8.992819471281017,151.16234265232578
0432,High risk,0.99609375,2023-04-24 03:05:03.378419,8.495314320774487,151.52454961169602
0433,High risk,0.99609375,2023-04-24 03:05:13.773535,7.968303538224633,151.90677202494922
0434,High risk,0.99609375,2023-04-24 03:05:23.516287,7.47398069782396,152.26400470290966
0435,High risk,0.99609375,2023-04-24 03:05:33.675209,6.958128927777487,152.63556326473883
0436,High risk,0.99609375,2023-04-24 03:05:43.216269,6.473301870040383,152.98370922728643
0437,High risk,0.99609375,2023-04-24 03:05:53.211028,5.96510870044792,153.34760943844068
0438,High risk,0.99609375,2023-04-24 03:06:03.093310,5.4623440647360635,153.7066737555106
0439,High risk,0.99609375,2023-04-24 03:06:12.797830,4.968342427945388,154.0586408744214
0440,High risk,0.99609375,2023-04-24 03:06:22.723877,4.462825388637596,154.4180331077475
0441,High risk,0.99609375,2023-04-24 03:06:32.909006,3.9438931956220693,154.78622840999043
0442,High risk,0.99609375,2023-04-24 03:06:43.101141,3.4243840998594828,155.15417561786586
0443,Low risk,0.98046875,2023-04-24 03:06:53.302467,2.9042244881171495,155.52201265814176
0444,Low risk,0.99609375,2023-04-24 03:07:03.206773,2.3990746168856742,155.87877171892842
0445,Low risk,0.98828125,2023-04-24 03:07:13.361333,1.8810384081024951,156.2442416719647
0446,Low risk,0.97265625,2023-04-24 03:07:23.557113,1.3607979258136569,156.61095500278222
0447,High risk,0.9921875,2023-04-24 03:07:34.197850,0.8177899106747701,156.99347733736528
0448,High risk,0.99609375,2023-04-24 03:07:43.932147,0.3209888108411936,157.34331711391653
0449,High risk,0.99609375,2023-04-24 03:07:53.776788,-0.18142513288958248,157.6970600151929
0450,High risk,0.99609375,2023-04-24 03:08:03.741228,-0.6899735601113788,158.05515061855962
0451,High risk,0.99609375,2023-04-24 03:08:13.868488,-1.2067756071066091,158.4191648912922
0452,High risk,0.99609375,2023-04-24 03:08:23.649528,-1.7058485442429638,158.7708775421404
0453,High risk,0.99609375,2023-04-24 03:08:33.832604,-2.225343931091455,159.13725987469797
0454,High risk,0.99609375,2023-04-24 03:08:43.817874,-2.7346315039918787,159.49679979940555
0455,High risk,0.99609375,2023-04-24 03:08:53.590453,-3.232916561197844,159.84899328691714
0456,High risk,0.99609375,2023-04-24 03:09:03.417569,-3.7338249874773153,160.20353892263802
0457,High risk,0.99609375,2023-04-24 03:09:13.541913,-4.2496834626024365,160.5692709464356
0458,High risk,0.99609375,2023-04-24 03:09:23.761053,-4.770148344992775,160.93897767392795
0459,High risk,0.99609375,2023-04-24 03:09:33.427687,-5.262216729159395,161.2892486538888
0460,High risk,0.7890625,2023-04-24 03:09:42.950929,-5.746740943382848,161.63492350314485
0461,High risk,0.99609375,2023-04-24 03:09:52.863662,-6.2507861177105335,161.99541988854665
0462,High risk,0.98828125,2023-04-24 03:10:02.717269,-6.75149494479914,162.35451501585487
0463,High risk,0.99609375,2023-04-24 03:10:12.338786,-7.240097244439988,162.70595352711044
0464,High risk,0.99609375,2023-04-24 03:10:22.331806,-7.74718145215655,163.07184138044352
0465,High risk,0.99609375,2023-04-24 03:10:32.335216,-8.254376493273393,163.4390742297385
0466,High risk,0.80078125,2023-04-24 03:10:42.195208,-8.753871566826907,163.80205569092172
0467,High risk,0.78515625,2023-04-24 03:10:52.121281,-9.256258830893804,164.16855233673482
0468,No risk,0.49609375,2023-04-24 03:11:02.424577,-9.777230287292344,164.5501994882519
0469,High risk,0.99609375,2023-04-24 03:11:12.733442,-10.297906410901964,164.93335171407622
0470,High risk,0.99609375,2023-04-24 03:11:23.106212,-10.821234425375708,165.32029423569205
0471,High risk,0.99609375,2023-04-24 03:11:33.162782,-11.327998452586074,165.69684751785613
0472,High risk,0.99609375,2023-04-24 03:11:42.867936,-11.816469856219266,166.06163269430448
0473,High risk,0.99609375,2023-04-24 03:11:52.501436,-12.300735066267535,166.42513499989317
0474,High risk,0.98828125,2023-04-24 03:12:02.460090,-12.80069434856105,166.80245497754333
0475,High risk,0.99609375,2023-04-24 03:12:12.513536,-13.304699262623869,167.1850252413291
0476,High risk,0.97265625,2023-04-24 03:12:22.701964,-13.814725372211711,167.57452011306904
0477,High risk,0.99609375,2023-04-24 03:12:32.943412,-14.32658750344507,167.9679113854234
0478,High risk,0.875,2023-04-24 03:12:42.818982,-14.819386205947076,168.34912150459598
0479,Low risk,0.859375,2023-04-24 03:12:52.965945,-15.32486321917001,168.74277030411562
0480,Low risk,0.703125,2023-04-24 03:13:03.026272,-15.825172991144985,169.13513449650821
0481,High risk,0.7109375,2023-04-24 03:13:13.195131,-16.329962665765198,169.53389475731305
0482,High risk,0.99609375,2023-04-24 03:13:23.007137,-16.816110420302117,169.92078216262894
0483,High risk,0.99609375,2023-04-24 03:13:32.923097,-17.30647191080496,170.31397720830768
0484,High risk,0.99609375,2023-04-24 03:13:42.768980,-17.792392305308905,170.70665680694688
0485,High risk,0.99609375,2023-04-24 03:13:52.587194,-18.275960816282147,171.10056630441693
0486,High risk,0.99609375,2023-04-24 03:14:02.496697,-18.76298527559193,171.50057254146208
0487,High risk,0.99609375,2023-04-24 03:14:12.395455,-19.248386474212072,171.90265112718288
0488,High risk,0.58984375,2023-04-24 03:14:22.149657,-19.725617773056776,172.30140553068844
0489,Low risk,0.65234375,2023-04-24 03:14:31.854328,-20.199309819884068,172.70070801869994
0490,Low risk,0.79296875,2023-04-24 03:14:41.830736,-20.685073644631963,173.11395153189017
0491,Low risk,0.82421875,2023-04-24 03:14:51.764737,-21.167546491216882,173.5283127698711
0492,Low risk,0.8515625,2023-04-24 03:15:01.881116,-21.65752962143901,173.95327312096347
0493,High risk,0.61328125,2023-04-24 03:15:12.163722,-22.154220662679204,174.38848326974562
0494,Low risk,0.9453125,2023-04-24 03:15:22.447441,-22.649489070071052,174.8270626647832
0495,Low risk,0.87890625,2023-04-24 03:15:32.429116,-23.128776637617086,175.25604816341274
0496,High risk,0.80859375,2023-04-24 03:15:42.344970,-23.603466210657928,175.68550486698317
0497,High risk,0.7734375,2023-04-24 03:15:52.835992,-24.104085024101792,176.14355429062584
0498,High risk,0.75390625,2023-04-24 03:16:03.235040,-24.59862804341771,176.60142000264034
0499,High risk,0.96875,2023-04-24 03:16:13.906640,-25.104347815086093,177.07537766064925
0500,High risk,0.99609375,2023-04-24 03:16:24.012321,-25.58150972255589,177.528105105519
0501,High risk,0.96875,2023-04-24 03:16:34.171676,-26.05947000559964,177.9871861994667
0502,High risk,0.99609375,2023-04-24 03:16:44.855886,-26.56018303516474,178.47436245600318
0503,High risk,0.99609375,2023-04-24 03:16:54.052513,-26.98953946342694,178.89738970617375
0504,Low risk,0.91796875,2023-04-24 03:17:04.038821,-27.454004512543495,179.36070266222285
0505,High risk,0.99609375,2023-04-24 03:17:14.746687,-27.94992509016182,179.86217385031202
0506,High risk,0.99609375,2023-04-24 03:17:24.467534,-28.398205465024287,-179.67826907319284
0507,High risk,0.98828125,2023-04-24 03:17:34.470771,-28.857523135500436,-179.20099250469258
0508,Low risk,0.9609375,2023-04-24 03:17:44.594680,-29.320303135925087,-178.7133110855311
0509,Low risk,0.98828125,2023-04-24 03:17:54.539905,-29.772811576680823,-178.2295905880407
0510,Low risk,0.9921875,2023-04-24 03:18:04.230139,-30.21165319106185,-177.75374733262225
0511,Low risk,0.99609375,2023-04-24 03:18:14.494676,-30.67421280428738,-177.2447299203878
0512,Low risk,0.9609375,2023-04-24 03:18:24.259333,-31.112012250743533,-176.75563512089886
0513,Low risk,0.984375,2023-04-24 03:18:34.255870,-31.55789824604861,-176.24989379732685
0514,High risk,0.890625,2023-04-24 03:18:44.556742,-32.01483862442464,-175.72332432671766
0515,High risk,0.93359375,2023-04-24 03:18:54.242222,-32.442090117517154,-175.22307056685258
0516,High risk,0.99609375,2023-04-24 03:19:04.285193,-32.88260039217779,-174.69897627435753
0517,High risk,0.99609375,2023-04-24 03:19:14.613825,-33.3328950828533,-174.1541554263732
0518,High risk,0.99609375,2023-04-24 03:19:24.515706,-33.761902492887494,-173.6261890010318
0519,High risk,0.99609375,2023-04-24 03:19:34.467095,-34.190355946772435,-173.0898703212704
0520,High risk,0.99609375,2023-04-24 03:19:44.273468,-34.609832823864295,-172.55567644001218
0521,High risk,0.99609375,2023-04-24 03:19:54.593338,-35.048279956247335,-171.9872758248505
0522,High risk,0.99609375,2023-04-24 03:20:04.359030,-35.46027833373417,-171.4434005565232
0523,High risk,0.99609375,2023-04-24 03:20:14.660683,-35.891749524357635,-170.86323049465378
0524,High risk,0.99609375,2023-04-24 03:20:24.255016,-36.29062524600301,-170.31683173002727
0525,High risk,0.99609375,2023-04-24 03:20:34.284272,-36.70444420594074,-169.73929474713339
0526,High risk,0.99609375,2023-04-24 03:20:44.300450,-37.11443633461322,-169.15590488444485
0527,High risk,0.99609375,2023-04-24 03:20:54.547337,-37.530392222083215,-168.5521150702761
0528,High risk,0.99609375,2023-04-24 03:21:04.377556,-37.926028137267636,-167.96616631469863
0529,High risk,0.99609375,2023-04-24 03:21:14.371091,-38.324749186107994,-167.36360813076516
0530,High risk,0.99609375,2023-04-24 03:21:24.433361,-38.722565325001696,-166.7497968008782
0531,High risk,0.99609375,2023-04-24 03:21:34.427234,-39.11396463260883,-166.13298414151726
0532,High risk,0.99609375,2023-04-24 03:21:44.048341,-39.48718250517064,-165.53232246991195
0533,High risk,0.99609375,2023-04-24 03:21:54.212816,-39.87757238263613,-164.890314269358
0534,High risk,0.99609375,2023-04-24 03:22:03.865398,-40.24449847841823,-164.27347425962532
0535,High risk,0.99609375,2023-04-24 03:22:14.006646,-40.625896856650684,-163.61780871794247
0536,High risk,0.99609375,2023-04-24 03:22:23.822325,-40.99096775846984,-162.9756499603192
0537,High risk,0.99609375,2023-04-24 03:22:33.684707,-41.35362500520243,-162.32288138114367
0538,High risk,0.640625,2023-04-24 03:22:43.956864,-41.72681610560376,-161.63485003119544
0539,High risk,0.99609375,2023-04-24 03:22:54.259945,-42.09640724850416,-160.93623536247185
0540,High risk,0.99609375,2023-04-24 03:23:04.065228,-42.44359622715699,-160.2634555329857
0541,High risk,0.99609375,2023-04-24 03:23:14.266566,-42.800018027202064,-159.55516887410468
0542,High risk,0.99609375,2023-04-24 03:23:24.422268,-43.149881581663934,-158.8415213300987
0543,High risk,0.99609375,2023-04-24 03:23:33.813395,-43.468890463981666,-158.17397270408316
0544,High risk,0.99609375,2023-04-24 03:23:43.552447,-43.795026038416374,-157.47390297633194
0545,High risk,0.99609375,2023-04-24 03:23:53.701239,-44.12971562286334,-156.73581719322883
0546,High risk,0.9453125,2023-04-24 03:24:03.300114,-44.44127988859147,-156.02969521186682
0547,High risk,0.99609375,2023-04-24 03:24:13.359367,-44.76248563781374,-155.2812387467533
0548,High risk,0.99609375,2023-04-24 03:24:23.647303,-45.08526172171022,-154.5067484283384
0549,High risk,0.99609375,2023-04-24 03:24:33.082234,-45.37604779998541,-153.78847790474788
0550,High risk,0.99609375,2023-04-24 03:24:42.454606,-45.65988837085098,-153.06728004451264
0551,Low risk,0.78125,2023-04-24 03:24:52.083434,-45.9461452100565,-152.3184446189886
